,Handset Type,Average TCP Retransmission (Bytes)
0,A-Link Telecom I. Cubot A5,10784786.467576498
1,A-Link Telecom I. Cubot Note Plus,308106.5
2,A-Link Telecom I. Cubot Note S,20705865.5
3,A-Link Telecom I. Cubot Nova,68585.0
4,A-Link Telecom I. Cubot Power,4020.5
5,A-Link Telecom I. Cubot R9,15499.5
6,A-Link Telecom I. Cubot X18 Plus,862952.4162027666
7,Acer Liquid M220,10784786.467576498
8,Acer Liquid Z220,87193.5
9,Acer Liquid Z530,449065.33240553306
10,Acer Liquid Z630,349778.5
11,Acer Liquid Zest 4G,5571.0
12,Acer Liquid Zest Plus,5438205.983788249
13,Acer M310,6549364.747027005
14,Acer V370 Acer V370 Liquid E2 Duo,4259.0
15,Acer Zx Z130,4443.0
16,Adar Stanley Mobile S231,43177.5
17,Alif Communicati. Pulian Cm84,10784786.467576498
18,Apple iPad (A1823),2758223.609857236
19,Apple iPad (A1954),2823583.5111071183
20,Apple iPad 2 (A1396),5857490.733788249
21,Apple iPad 3 (A1430),100593.0
22,Apple iPad 4 (A1460),6678635.0709425695
23,Apple iPad Air (A1475),6802077.457888465
24,Apple iPad Air 2 (A1567),4755875.330307374
25,Apple iPad Mini (A1455),4981449.987030599
26,Apple iPad Mini (A1490),1629467.5
27,Apple iPad Mini (A1600),10784786.467576498
28,Apple iPad Mini 4 (A1550),5077701.520271152
29,Apple iPad Pro (A1652),7306875.867118587
30,Apple iPad Pro 10.5 (A1709),3818100.4330953937
31,Apple iPad Pro 12.9 (A1671),217322.91620276653
32,Apple iPad Pro 9.7 (A1674),7554767.873397207
33,Apple iPhone 3Gs (A1303),3887103.488573632
34,Apple iPhone 4 (A1332),4843639.816006594
35,Apple iPhone 4S (A1387),5150871.802517698
36,Apple iPhone 4S (A1431),10784786.467576498
37,Apple iPhone 5 (A1428) A1428S,4447417.759615079
38,Apple iPhone 5 (A1429),4845837.059911933
39,Apple iPhone 5C (A1456),7539253.812918536
40,Apple iPhone 5C (A1507),5940086.545081393
41,Apple iPhone 5C (A1529),6950991.337432617
42,Apple iPhone 5C (A1532),6165859.449601036
43,Apple iPhone 5S (A1453),4610545.554000286
44,Apple iPhone 5S (A1457),5177976.361839208
45,Apple iPhone 5S (A1528),10784786.467576498
46,Apple iPhone 5S (A1530),7378506.717007853
47,Apple iPhone 5S (A1533),6111525.95291504
48,Apple iPhone 6 (A1549),8588716.457521362
49,Apple iPhone 6 (A1586),8436081.174648304
50,Apple iPhone 6 Plus (A1522),7641775.420828559
51,Apple iPhone 6 Plus (A1524),8413287.930893008
52,Apple iPhone 6S (A1633),8951971.651486933
53,Apple iPhone 6S (A1688),9050384.646859428
54,Apple iPhone 6S (A1700),8447920.406605395
55,Apple iPhone 6S Plus (A1634),8857777.64564776
56,Apple iPhone 6S Plus (A1687),9264305.070269164
57,Apple iPhone 6S Plus (A1699),9259328.257922713
58,Apple iPhone 7 (A1660),9292328.70891532
59,Apple iPhone 7 (A1778),8357387.574428004
60,Apple iPhone 7 (A1779),8323075.666524564
61,Apple iPhone 7 (A1780),10784786.467576498
62,Apple iPhone 7 Plus (A1661),8940181.780695086
63,Apple iPhone 7 Plus (A1784),8248393.03951834
64,Apple iPhone 7 Plus (A1785),10022397.85087011
65,Apple iPhone 8 (A1863),8913798.672068704
66,Apple iPhone 8 (A1905),8846722.170161916
67,Apple iPhone 8 (A1906),8869967.077709405
68,Apple iPhone 8 Plus (A1864),9950737.42698428
69,Apple iPhone 8 Plus (A1897),8988871.84390649
70,Apple iPhone 8 Plus (A1898),8994075.389647081
71,Apple iPhone 8 Plus (A1899),10784786.467576498
72,Apple iPhone Se (A1662),8991861.453214878
73,Apple iPhone Se (A1723),8878008.742186133
74,Apple iPhone X (A1865),8793328.725721503
75,Apple iPhone X (A1901),8463020.4222501
76,Apple iPhone X (A1902),10784786.467576498
77,Apple iPhone Xr (A1984),6862302.860225273
78,Apple iPhone Xr (A2105),9057843.936844908
79,Apple iPhone Xr (A2106),8098412.725682374
80,Apple iPhone Xr (A2108),9601289.799322074
81,Apple iPhone Xs (A1920),8652520.573687272
82,Apple iPhone Xs (A2097),9033830.096782025
83,Apple iPhone Xs (A2098),10784786.467576498
84,Apple iPhone Xs (A2100),9443293.221629437
85,Apple iPhone Xs Max (A1921),13003493.147045102
86,Apple iPhone Xs Max (A2101),9089822.514804874
87,Apple iPhone Xs Max (A2104),8444589.317425858
88,Archos Sa 50 Cesium,381714.33240553306
89,Archos Sa 50 Platinum 4G,5461482.983788249
90,Archos Sa 50 Saphir,7161214.20068387
91,Archos Sa 50 Titanium 4G,5582539.274991016
92,Archos Sa 50B Cobalt (Lite),47133.0
93,Archos Sa 50F Neon,1990791.0
94,Archos Sa 55 Cobalt + Bush Spira B3 5.5,7720058.983788249
95,Archos Sa 55 Diamond Selfie ( Lite),289640.5
96,Archos Sa 55 Helium (Ultra),299193.2706013833
97,Archos Sa 55B Platinum,546644.6666666666
98,Archos Sa Access 45 4G,2339320.2264775126
99,Archos Sa Access 50 4G,395612.33240553306
100,Archos Sa Access 55 3G,383783.33240553306
101,Archos Sa Archos 40 Helium,382926.83240553306
102,Archos Sa Archos 45B Helium 50B Helium 50C Helium 50D Helium 50 Diamond,10405239.635170965
103,Archos Sa Archos 50 Cobalt Bush Spira B3 5,380083.83240553306
104,Archos Sa Archos 50C Platinum,129778.5
105,Archos Sa Archos 60 Platinum,1238046.0
106,Archos Sa Archos Sense 50X,10784786.467576498
107,Archos Sa Core 50 4G(L),8018394.14258099
108,Archos Sa Core 70 3G,10407638.635170965
109,Archos Sa Diamond S,10784786.467576498
110,Archos Sa Sense 101X,10405622.135170965
111,Archos Sa Sense 55S,379862.33240553306
112,Asustek Asus Asus_Z00Ada,630622.0
113,Asustek Asus Za550Kl Zenfone Max M1,3866232.959996406
114,Asustek Asus Zb500Kg,14394.5
115,Asustek Asus Zb500Tl,1495708.5
116,Asustek Asus Zb552Kl Zenfone Go,4661531.628961356
117,Asustek Asus Zb555Kl Zenfone Max M1,4874.0
118,Asustek Asus Zb570Tl,327228.11080184433
119,Asustek Asus Zb633Kl Zenfone Max M2,770097.1662027666
120,Asustek Asus Zc521Tl Zenfone 3S Max,260044.0
121,Asustek Asus Zc550Tl,10784786.467576498
122,Asustek Asus Zc553Kl Zenfone 3 Max,941063.0329622133
123,Asustek Asus Ze500Kl Zenfone 2 Lazer,203418.25
124,Asustek Asus Ze550Kl Zenfone2 Laser,12242.0
125,Asustek Asus Zenfone 2 Laser Ze500Kl,7242882.200915821
126,Asustek Asus Zenfone 3 Deluxe Zs570Kl,958493.75
127,Asustek Asus Zenfone 3 Laser Zc551Kl,387340.33240553306
128,Asustek Asus Zenfone 3 Max Zc520Tl,3565827.9422346214
129,Asustek Asus Zenfone 3 Ze520Kl,988654.3608018444
130,Asustek Asus Zenfone 3 Ze552Kl,6515380.600303277
131,Asustek Asus Zenfone 4 Max Zc554Kl,8859205.011681257
132,Asustek Asus Zenfone 4 Selfie Zd553Kl,3153075.4666636717
133,Asustek Asus Zenfone 4 Ze554Kl,5148065.635409424
134,Asustek Asus Zenfone 5 Lite Zc600Kl,437463.83240553306
135,Asustek Asus Zenfone 5 Ze620Kl,4284948.157336538
136,Asustek Asus Zenfone Go Zb500Kl,3890714.566846237
137,Asustek Asus Zenfone Live Zb501Kl,3997483.7235135026
138,Asustek Asus Zenfone Live Zb553Kl,390087.33240553306
139,Asustek Asus Zenfone Max Plus Zb570Tl,2103126.9987189085
140,Asustek Asus Zenfone Max Pro Zb631Kl,4541228.847524002
141,Asustek Asus Zenfone Max Zc550Kl,5582778.899991016
142,Asustek Asus Zenfone Selfie Zd551Kl,15969394.817585481
143,Asustek Asus Zenfone Zoom S Ze553Kl,4419978.722067589
144,Asustek Asus Zenfone Zoom Zx551Ml,1956.0
145,Asustek Asus Zenfone2 Laser Ze600Kl,842871.2
146,Asustek Asus Zenfone2 Laser Ze601Kl,3146522.1168941245
147,Asustek Asus Zenfone2 Ze551Ml,524273.1108018444
148,Asustek Asus Zenfone4 Max Zc520Kl,3292063.0504960897
149,Asustek Asus Zs620Kl Zenfone 5Z,596203.0
150,Asustek Asus_Z00Ad,1031984.9581013833
151,Asustek Asus_Z00D,381153.33240553306
152,Asustek Wireless-Ac1200 Lte Router,6489138.983788249
153,Asustek Zc550Kl Zenfone Max,5399009.233788249
154,Asustek Zenfone 4 Selfie Pro,2806874.824995508
155,Asustek Zenfone Max Pro(M1),5762417.8168896325
156,Asustek Zenfone Max Zc550Kl,3263976.9918941245
157,Avenir Telecom Pm550S,5534.0
158,Beijing Shenqi T. Z2 Pro,1080848.0
159,Bird L8,3090649.25
160,Blu Products Inc Blu R1 Plus,779906.5
161,Blu Products Inc Blu Studio C 5+5,1709111.5
162,Bullitt Group Li. Cat S30,3745416.5999940108
163,Bullitt Group Li. S41,10784786.467576498
164,Bullitt Group Li. S60,724948.1666666666
165,Bullitt Group Li. S61,10784786.467576498
166,Casper Bilgisaya. Via M1,180.0
167,China Trade Grou. Ed1,385774.5
168,Cisco Systems In. Cisco Mc7304,10784786.467576498
169,Civicom Technolo. European,275606.0
170,Ck Telecom Limit. M1,389126.83240553306
171,Compal Electroni. Cat B15Q,5012.5
172,Concox Informati. Concox Gt06 Gt06N Tr06,10784786.467576498
173,Concox Informati. Gt06,10784786.467576498
174,Concox Informati. Gt06E Gt06F Gv20,10784786.467576498
175,Concox Informati. Jh09,4279.0
176,Crosscall Action-X3,8558658.234395629
177,Crosscall Action-X3 Pro,761330.0831013833
178,Crosscall Core-X3,3745075.7251099856
179,Crosscall Odyssey-S1,5582348.149991016
180,Crosscall Trekker-M1,3111934.199995508
181,Crosscall Trekker-M1 Core,3552926.7129335143
182,Crosscall Trekker-X3,2088108.8464793097
183,Crosscall Trekker-X4,424957.21428571426
184,D-Link Corporati. D-Link Dwr-921,5245494.648144124
185,D-Link Corporati. D-Link Lte Usb Adaptor,7065136.950915821
186,D-Link Corporati. Dwr-921,6256541.358788249
187,D-Link Corporati. Dwr-932,10784786.467576498
188,D-Link Corporati. Dwr-953,10784786.467576498
189,Ddm Brands Llc Andy 4.5El Lte,6217410.483788249
190,Ddm Brands Llc Andy 4Ei2,5414741.233788249
191,Ddm Brands Llc Andy 5Ei3,231532.16620276653
192,Ddm Brands Llc Andy 5El Lte,28817.0
193,Ddm Brands Llc Andy C5V,379967.33240553306
194,Ddm Brands Llc Energy S550,23633.0
195,Ddm Brands Llc Yezz Andy 5.5Ei,3727774.0
196,Ddm Brands Llc Yezz Andy A6M,10784786.467576498
197,Dg Homtom Group. Homtom H50,8146370.649991016
198,Dg Homtom Group. Homtom Ht16,80057.0
199,Dg Homtom Group. Homtom Ht3,454799.83240553306
200,Dn Electronics Danew Konnect 350,4634417.527018057
201,Dn Electronics Surnaturel R500,368550.1108018444
202,Doke Communicati. Blackview Bv6800 Pro,527376.3324055331
203,Doro Ab Doro 6520 Doro 6521,8184045.933783757
204,Doro Ab Doro 6530 Doro 6531,10784786.467576498
205,Doro Ab Doro 8030 Doro 8028 Doro 8031,10784786.467576498
206,Doro Ab Doro 8030 Doro 8028 Doro 8031 Doro 8030C Doro 8031C,3446180.976917548
207,Doro Ab Doro 8040,380628.33240553306
208,Doro Ab Doro Liberto 820,18958.5
209,Doro Ab Doro Liberto 822 Doro 8031,380876.33240553306
210,Doro Ab Doro Liberto 825,380145.58240553306
211,Doro Ab Doro Phoneeasy 632,10784786.467576498
212,Dynamic Tech Hol. D-Mobile I3 I5 I7 I8 I9,51908637.47838434
213,Ecom Instruments. Ecom Mobile Safety Ex-Handy 209,524745.8324055331
214,Ecom Instruments. Ecom Mobile Safety Smart-Ex 201,12138.0
215,Electro Depot Fr. W55Hd,16674135.353511706
216,Ertebat Hamrah G. Glx H1,5227958.758330339
217,Essential Produc. Ph-1,5506.0
218,Fairphone B.V Fairphone 2,244139.375
219,Fully Holdings (. C8 4G,492329.7774685111
220,Fully Holdings (. K10,77088.0
221,Fully Holdings (. Oukitel C2,388543.33240553306
222,Gemalto M2M Gmbh Cinterion Bgs3,10784786.467576498
223,Gemalto M2M Gmbh Cinterion Ehs5-E,379835.33240553306
224,Gemalto M2M Gmbh Cinterion Ehs6,10784786.467576498
225,Gemalto M2M Gmbh Cinterion Pls8-E,10784786.467576498
226,Gemalto M2M Gmbh Cinterion Wireless Module Phs8-P,10405646.135170965
227,Gemalto M2M Gmbh Eu3-E,10784786.467576498
228,Gigaset Communic. Gs100,5411208.733788249
229,Gigaset Communic. Gs185,95381.5
230,Google Inc G011C,328060.11080184433
231,Google Inc Pixel 3,5706071.088484738
232,Google Inc Pixel 3Xl,6667790.780971064
233,Gotron (Hk) Elec. Armor X,750.0
234,Gotron (Hk) Elec. Gemini,613514.0
235,Gotron (Hk) Elec. Power 5,10784786.467576498
236,Group Acquisitio. Cirrus 5,351254.0
237,Group Acquisitio. Fly Evo Chic 4,381159.33240553306
238,Haier G50 L54,3890531.377462521
239,Haier Hw-W717 Hw-W816 Hw-W870,15576.5
240,Haier L55,6124.5
241,Haier W826,7695.5
242,Hem Easy,2522305.209653785
243,Hewlett-Packard Hp Elite X3,10784786.467576498
244,Hmd Global Oy Nokia 1,14834.5
245,Hmd Global Oy Nokia 1 Ds,10292800.738612575
246,Hmd Global Oy Nokia 2,4102633.9162027664
247,Hmd Global Oy Nokia 2 Ds,3737618.5999940108
248,Hmd Global Oy Nokia 3,15789.5
249,Hmd Global Oy Nokia 3 Ds,5876053.737493262
250,Hmd Global Oy Nokia 3310 Ds 3G,10784786.467576498
251,Hmd Global Oy Nokia 5 Ds,3452148.493515299
252,Hmd Global Oy Nokia 5 Ss,10784786.467576498
253,Hmd Global Oy Nokia 6 Ds,3022.0
254,Hmd Global Oy Nokia 6 Ss,2492337.5583957545
255,Hmd Global Oy Nokia 6.1 Ds,3348205.255553559
256,Hmd Global Oy Nokia 7 Plus Ds,3427086.2318981714
257,Hmd Global Oy Nokia 8 Ss,5459641.539189172
258,Hmd Global Oy Nokia 8110 4G Ds,10784786.467576498
259,Hmd Global Oy Ta-1003,10431111.635170965
260,Hmd Global Oy Ta-1006,10747056.834335944
261,Hmd Global Oy Ta-1049,105036.0
262,Hmd Global Oy Ta-1063,5584109.5142946765
263,Hmd Global Oy Ta-1063 Ds,1172688.4162027666
264,Hmd Global Oy Ta-1080,6659146.380545899
265,Hmd Global Oy Ta-1095,789428.8331013833
266,Hmd Global Oy Ta-1109,10784786.467576498
267,Hong Kong Frog I. A10,5997452.0668896325
268,Hongkong Ipro Te. Ipro I9350 I9400 S3 Wave 3.5 Wave 4.0,10784786.467576498
269,Honstech Communi. Do G26,3075822.5
270,Htc 10,1045907.375
271,Htc 2Pya210,3532041.3783903215
272,Htc 2Q55100,384977.33240553306
273,Htc 2Q5V100,445103.25
274,Htc 2Q5W100,2414.5
275,Htc 2Q6E100,1447.0
276,Htc Clic100,10784786.467576498
277,Htc Desire,10784786.467576498
278,Htc Desire 10 Lifestyle,10784786.467576498
279,Htc Desire 310,340097.5
280,Htc Desire 510,5257626.921830474
281,Htc Desire 530,3856606.0286979815
282,Htc Desire 610,6264572.35631824
283,Htc Desire 620,4132052.8695923393
284,Htc Desire 626,7966356.449995508
285,Htc Desire 650,2904828.3043941245
286,Htc Desire 728,61888.5
287,Htc Desire 816,7190446.645050999
288,Htc Desire 820,3534709.661262749
289,Htc Desire 820G Plus Dual Sim,172187.0
290,Htc Desire 825,3102062.294356221
291,Htc Desire C,10784786.467576498
292,Htc Desire X,10784786.467576498
293,Htc One,3023981.746847435
294,Htc One (M8),2709626.375
295,Htc One A9,4013560.433327344
296,Htc One M9,2574975.6664811065
297,Htc One Mini,5921.5
298,Htc One Mini 2,992309.5
299,Htc Pl80100,10784786.467576498
300,Htc U Play,3848430.877462521
301,Htc U11,421407.33240553306
302,Htc Windows Phone 8S By Htc,10595869.301373731
303,Huawei Ale-Ul00,5397241.233788249
304,Huawei Ascend G6,5865078.483788249
305,Huawei Ascend G620S,151986.77746851102
306,Huawei Ascend Mate7,131128.06648110662
307,Huawei Ascend P7,2609628.0
308,Huawei Ascend Y330,2536006.4924855107
309,Huawei Ascend Y530,10406952.135170965
310,Huawei Ascend Y550,3724606.2666606773
311,Huawei Ascend Y600,454939.5
312,Huawei Aum-Al00,1775806.0
313,Huawei B315S-22,5574605.989192166
314,Huawei B525S-23A,9954725.051603615
315,Huawei B525S-65A,105654.25
316,Huawei B528S-23A,8339485.684538586
317,Huawei B593,4521693.666202767
318,Huawei B593S-12,7377260.160987558
319,Huawei B593S-22,6180554.02150158
320,Huawei B618S-22D,4774259.620916535
321,Huawei B715S-23C,10612632.116573887
322,Huawei Bkl-Al20,1753292.75
323,Huawei Bkl-Tl10,23855.5
324,Huawei Bln-Al10,164587296.0
325,Huawei Bln-Al30,736579.4790506916
326,Huawei Bln-Tl10,589901.1662027666
327,Huawei Bnd-Al10,10784786.467576498
328,Huawei Chc-U01,10408044.135170965
329,Huawei Col-Al10,428402.3333333333
330,Huawei Col-L29,7333373.330407908
331,Huawei Cor-L29,5727947.987472738
332,Huawei Dli-Al10,29141.5
333,Huawei Dli-L22,3168274.5241487506
334,Huawei Dub-Lx1,10784786.467576498
335,Huawei E180,10405981.135170965
336,Huawei E3372,380713.33240553306
337,Huawei E5180,7633362.621467266
338,Huawei E5186S,7667936.653150472
339,Huawei E5220S-2,48476.0
340,Huawei E5372S-32,6600332.405361271
341,Huawei E5573,15411789.625185717
342,Huawei E5573B,10709659.888760542
343,Huawei E5577,20411801.895676866
344,Huawei E5577 E5577C,5788320.321075155
345,Huawei E5776S-32,15822346.24065912
346,Huawei E5785Lh-22C,3205533.438513459
347,Huawei E5786S-32A Huawei E5786Bs-32A,1237270.9162027666
348,Huawei E587 E587U-2 Turkcell Vinnwifi E587,31542701.0
349,Huawei E8372,20933.5
350,Huawei Ele-L29,7762035.678529099
351,Huawei Evr-Al00,7209875.311717666
352,Huawei Evr-L29,10784786.467576498
353,Huawei Fig-Al00,473941.125
354,Huawei Fig-Al10,30725.0
355,Huawei Fig-La1,10784786.467576498
356,Huawei Fig-Lx1,8244831.777585195
357,Huawei Frd-Al10,400323.5
358,Huawei Frd-L09,2366665.35588816
359,Huawei Frd-L19,4871983.5
360,Huawei G535-L11,10380705.489192165
361,Huawei G8 Huawei Gx8 Huawei G7 Plus,329085.25
362,Huawei Gr5,6349068.5
363,Huawei Gr5 2017 Huawei Mate 9 Lite,161075.75
364,Huawei Ham-L09,10784786.467576498
365,Huawei Hma-L29,7823636.595073176
366,Huawei Honor,1368978.8621578077
367,Huawei Honor 10,7550516.272637395
368,Huawei Honor 5X,3784295.7866893327
369,Huawei Honor 6,21765.0
370,Huawei Honor 6C Dig-L21Hn,2662125.19972166
371,Huawei Honor 6X,3506904.059996406
372,Huawei Honor 7A,5642105.256900285
373,Huawei Honor 7S,3378902.3117103614
374,Huawei Honor 7X,7852221.869444288
375,Huawei Honor 8 Lite,2673346.276477513
376,Huawei Honor 8X,7599167.477513851
377,Huawei Honor 9 Lite,8337308.016032346
378,Huawei Honor View10,6172416.1119388845
379,Huawei Hry-Lx1,7182911.162129583
380,Huawei Hwi-Al00,624088.0
381,Huawei Ine-Lx1,8908575.97730355
382,Huawei Jat-L29,5617848.108788249
383,Huawei Jkm-Lx1,49108.0
384,Huawei Jmm-L22 Honor 6C Pro Honor 6C Pro,5963935.94647931
385,Huawei Jsn-Al00A,2713813.0
386,Huawei Lld-Al00,4389576.76142077
387,Huawei Lld-Al10,8183653.683783757
388,Huawei Lld-Al30,73508.5
389,Huawei Lnd-L29,4055192.2081013834
390,Huawei Lya-L29,9089950.683811445
391,Huawei Maimang 6,7082264.0
392,Huawei Mate 10 Lite Huawei Nova 2I,6902889.957531641
393,Huawei Mate 10 Pro,5937848.758110847
394,Huawei Mate 10 Pro Porsche Design Huawei Mate 10,7342015.033640156
395,Huawei Mate 20 Lite,7998585.545375907
396,Huawei Mate 8,384249.0552462888
397,Huawei Mate 9,8484106.239587523
398,Huawei Mate 9 Pro Porsche Design Huawei Mate 9,10784786.467576498
399,Huawei Maya,5414670.733788249
400,Huawei Me909S-120,20754939.73378825
401,Huawei Mrd-Lx1,9144007.304290265
402,Huawei Mu609,10784786.467576498
403,Huawei Nexus 6P,10407837.135170965
404,Huawei Nova,1418781.4028202998
405,Huawei Nova 2I Huawei Mate 10 Lite,473857.83240553306
406,Huawei Nova 3E,5908426.734939239
407,Huawei Nova 3I,5447754.733788249
408,Huawei Nova 3I Huawei P Smart+,1309253.0
409,Huawei P Smart,8729013.839196403
410,Huawei P10,7964550.242907101
411,Huawei P10 Lite,7604114.514571055
412,Huawei P10 Plus,6807825.031760657
413,Huawei P20,7733768.642381692
414,Huawei P20 Lite Huawei Nova 3E,8356449.719185804
415,Huawei P20 Pro,7314398.137967599
416,Huawei P8,4715098.037497754
417,Huawei P8 Lite,3528319.9239840196
418,Huawei P8Max,462781.5
419,Huawei P9,7435430.814726809
420,Huawei P9 Lite,2121287.2307778224
421,Huawei P9 Plus,11321.0
422,Huawei Par-Lx9,482772.5
423,Huawei Pct-L29,7204411.876085092
424,Huawei Pele,2113569.5
425,Huawei Plk-L01,2933416.1032955935
426,Huawei Porsche Design Huawei Mate Rs,10784786.467576498
427,Huawei Pot-Lx1,8236165.9179451065
428,Huawei Pra-Al00X,10784786.467576498
429,Huawei Rvl-Al09,5626452.5
430,Huawei Sla-L22,845014.8882703554
431,Huawei Sne-Lx1,7343137.741202831
432,Huawei Stf-Al00,8161376.476840355
433,Huawei Stf-Al10,10784786.467576498
434,Huawei Stf-L09,7772246.701263704
435,Huawei Stf-Tl10,66992.0
436,Huawei Tbd,8367450.518249693
437,Huawei Tit-Al00 Huawei Y6 Pro,30350.5
438,Huawei U8815,4206.0
439,Huawei U8825-1,5397048.233788249
440,Huawei Vns-Al00,381011.33240553306
441,Huawei Vns-Dl00,395789.33240553306
442,Huawei Vog-L29,7135885.300813664
443,Huawei Was-Al00,1966952.9737627497
444,Huawei Was-Tl10,3773962.989192166
445,Huawei Y3,4529641.753233366
446,Huawei Y3Ii,3854832.210795855
447,Huawei Y5,3771094.9732351624
448,Huawei Y5 2017,386711.33240553306
449,Huawei Y5 2018,3624662.528695393
450,Huawei Y5 Prime 2018,95891.0
451,Huawei Y5Ii,3463564.2523214687
452,Huawei Y6,190933.5
453,Huawei Y6 2017 Huawei Nova Young,5160808.255132881
454,Huawei Y6 2017 Huawei Nova Young Huawei Y5 2017,3272173.221292741
455,Huawei Y6 2018,8221012.545637617
456,Huawei Y6 Prime 2018,3823969.0
457,Huawei Y6 Pro,799949.5
458,Huawei Y6 Pro 2017 Huawei P9 Lite Mini,8767463.817585483
459,Huawei Y635,5073179.200389928
460,Huawei Y6Ii,5211337.110801845
461,Huawei Y7,214091.16620276653
462,Huawei Y7 2018,8165359.737764794
463,Huawei Y7 Prime,2495.0
464,Huawei Y7 Prime 2018,32652114.0
465,Huawei Y7 Prime 2018 Huawei Y7 Pro 2018,1210725.0
466,Huawei Y9 2019,10413576.635170965
467,Infinix Technolo. Hot 6,540188.5
468,Infinix Technolo. Infinix Hot Note,3282776.0
469,Infinix Technolo. Infinix Surf Bravo,379921.83240553306
470,Infinix Technolo. Note 3 Pro,128420.0
471,Infinix Technolo. X511,6210518.483788249
472,Infocus Corporat. Infocus Vzh,7502110.311717666
473,Intermec Technol. Series 70 (Cn70 1000Cp01U) (Cn70E 1000Cp02U) (Ck70 1001Cp01U),10784786.467576498
474,Itel Technology. S31,160983.5
475,Itel Technology. S33,3477572.5
476,Kapsys Smartvision Kapsys Smartvision By Kapsys Smartconnect,397299.83240553306
477,Kapsys Smartvision2 Smartconnect2,5583631.899991016
478,Kazam Mobile Lim. Kazam Trooper 451,10784786.467576498
479,Kenxinda V7,791087.0
480,Kenxinda Victor Vm-66 N6000 K6,40441.0
481,Kiwip Technologi. Montre Telephone Connectee Kiwip,7318019.089186177
482,Kook (Hong Kong). Teeno T600,2228032.2
483,Kvd Internationa. Doogee Mix,273995.2216036887
484,Kvd Internationa. Doogee Mix Lite,1769573.0
485,Kvd Internationa. Doogee S30,10784786.467576498
486,Kvd Internationa. Doogee S55,10784786.467576498
487,Kvd Internationa. Doogee S55 Lite,43345.5
488,Kvd Internationa. Doogee S60,208229.5
489,Kvd Internationa. Doogee X10,119057.08310138326
490,Kvd Internationa. Doogee X20,281174.5
491,Kvd Internationa. Doogee X30,433902.33240553306
492,Kvd Internationa. Doogee X5,1269494.8324055332
493,Kvd Internationa. Doogee X5 Max Pro,10784786.467576498
494,Kvd Internationa. Doogee X50,10784786.467576498
495,Kvd Internationa. Doogee X60L,5362774.817585482
496,Kvd Internationa. Doogee Y6 C,45379.5
497,Leagoo Intl Co. . Leagoo Lead 6 Lead 5 Lead 7,70425.5
498,Leagoo Intl Co. . Leagoo T5,3682938.5
499,Lemobile Informa. Le X527,57884.5
500,Lemobile Informa. Le X820,10784786.467576498
501,Lemobile Informa. Lex622,415241.33240553306
502,Lemobile Informa. Lex626,53774.5
503,Lemobile Informa. Lex651,4127386.5
504,Lemobile Informa. Lex720,10784786.467576498
505,Lenovo A6020A40,39019.0
506,Lenovo Al12415545,2893701.685913327
507,Lenovo Al12492145,4412721.553511706
508,Lenovo Bl12416045,4048505.77001744
509,Lenovo D012064645,413429.0831013833
510,Lenovo Gl12494745,7102375.395282948
511,Lenovo K Pro,5545385.483788249
512,Lenovo K520,113794.0
513,Lenovo K6,219551.16620276653
514,Lenovo Lc12988845,3472137.571076591
515,Lenovo Lenovo A Plus Lenovo Vibe A Plus,47689.5
516,Lenovo Lenovo A588T,1390261.5
517,Lenovo Lenovo A6020A40,3783724.739192166
518,Lenovo Lenovo B Lenovo Vibe B,268873.88827035535
519,Lenovo Lenovo K50-T3S,10784786.467576498
520,Lenovo Lenovo K52E78,18312.0
521,Lenovo Moto C,4444.5
522,Lenovo Moto C Plus Lc12988845,5621892.649991016
523,Lenovo Moto E,1644.5
524,Lenovo Moto E (2Nd Gen) With 4G Lte St12406045,3459159.3929586196
525,Lenovo Moto E (3Rd Gen) Ta12892945,10784786.467576498
526,Lenovo Moto E (4Th Gen),5589586.399991016
527,Lenovo Moto E Plus (4Th Gen),17843.5
528,Lenovo Moto E Plus (4Th Gen) Go12071045,3695616.366002961
529,Lenovo Moto G,5327258.789653071
530,Lenovo Moto G (2Nd Generation) Xt1064 Ti12402745,10784786.467576498
531,Lenovo Moto G (2Nd Generation) Xt1068 Indr000145,120824.5
532,Lenovo Moto G (3Rd Gen),81141.5
533,Lenovo Moto G (3Rd Gen) Ca12459445,3301431.3239369327
534,Lenovo Moto G (4Th Gen) Af12802745,293608.31620276655
535,Lenovo Moto G (5Th Gen S) D012081145,3837691.989192166
536,Lenovo Moto G (5Th Gen) Da12936945,382849.33240553306
537,Lenovo Moto G (5Th Gen) Da12984545,9095146.010046279
538,Lenovo Moto G (5Th Gen) Da12985045,552296.3324055331
539,Lenovo Moto G (5Th Gen) Indr003546,2925957.817491245
540,Lenovo Moto G Play (4Th Gen) Ju12738345,465160.5
541,Lenovo Moto G Play (4Th Gen) Ju12797645,4926981.287030599
542,Lenovo Moto G Plus (4Th Gen) Af12802845,2241771.5935152997
543,Lenovo Moto G Plus (5Th Gen) Co128983645,382617.83240553306
544,Lenovo Moto G Plus (5Th Gen) Co12984045,1101084.75
545,Lenovo Moto G With 4G Motorola M0Fa8,8480699.141098985
546,Lenovo Moto G Xt1032,5694075.483788249
547,Lenovo Moto X (2Nd Generation) X112360445,287574.5
548,Lenovo Moto X (4Th Gen) Ib12266545,10784786.467576498
549,Lenovo Moto X Play,908.5
550,Lenovo Moto X Play Lx12506245,152812.0
551,Lenovo Moto X Style,365466.16620276653
552,Lenovo Moto X Style Indr001145,922525.0
553,Lenovo Moto Z Force (2Nd Gen) Ge12072245,4837841.5
554,Lenovo Moto Z Play (2Nd Gen) Ho12005845,321097.277468511
555,Lenovo Moto Z Play Vx12752445,162504.75
556,Lenovo Moto Z Ve12657645,1518063.0
557,Lenovo Motorola Moto G (2Nd Generation) Xt1068 Ti12402545,21916.5
558,Lenovo Motorola Razr I Sm12334645 M0D12 Xt890,97744.5
559,Lenovo Nexus 6 Valocia,5515012.8168896325
560,Lenovo P2 Ku12842445,1244972.603876729
561,Lenovo Ro12524245,3827779.0999940108
562,Lenovo Sl12367645,3568222.9918941245
563,Lenovo Xt1772,4195145.799993262
564,Lenovo Za12074545,192368.91620276653
565,Lephone U Pro,431150.5
566,Lg C70,70749.25
567,Lg Ck,10784786.467576498
568,Lg G2,4787647.5
569,Lg G3,4990665.375
570,Lg G4,3722957.433327344
571,Lg G4C,5475218.822525499
572,Lg G6,6343245.189997604
573,Lg G6+,13539736.5
574,Lg Gt540,380494.33240553306
575,Lg K10,797142.5
576,Lg K10 2017,10784786.467576498
577,Lg L Bello,783461.2083333334
578,Lg L80,471094.0
579,Lg Leon,119035.0
580,Lg Lg-D315,379875.33240553306
581,Lg Lg-D620Fr,741316.5
582,Lg Lg-D722,529300.0
583,Lg Lg-E610,4141966.75844257
584,Lg Lg-H635,8253949.42251951
585,Lg Lg-H818P,1088827.0
586,Lg Lg-P700,1717137.4235418711
587,Lg Lg-T385,10784786.467576498
588,Lg Lg-X145,398555.33240553306
589,Lg Lm-G710Em,381466.83240553306
590,Lg Lm-X410Eow,10784786.467576498
591,Lg Nexus 4 (E960),4424648.75
592,Lg Nexus 5,5761627.820549493
593,Lg Nexus 5X,2049774.2092561568
594,Lg Optimus L3 Lg-E400,380494.33240553306
595,Lg Optimus L5 Ii,197893.44413517768
596,Lg V20,380246.33240553306
597,Lg V30+,1760685.0
598,Lg X Power2,871326.25
599,Lg-As330,801947.0
600,Lg-H410,67209.0
601,Lg-H791,316569.5
602,Lg-H791F,10784786.467576498
603,Lg-H811,383652.83240553306
604,Lg-H815,3509614.625112232
605,Lg-H850,3354325.2762516136
606,Lg-H860,5210760.067585482
607,Lg-H870Ds,2731254.283792741
608,Lg-H870S,6547947.067585482
609,Lg-K100,5722004.649991015
610,Lg-K100Ds,383154.33240553306
611,Lg-K120E,3602088.905858833
612,Lg-K350Nds,4517137.3046267945
613,Lg-K420N,3736784.045056988
614,Lg-K430Ds,380096.83240553306
615,Lg-K520,159412.5
616,Lg-K600Y,8776.5
617,Lg-M160,397052.33240553306
618,Lg-M200N,3738451.267124577
619,Lg-M320N,384161.33240553306
620,Lg-M400Dy,14206185.5
621,Lg-X210,13141.5
622,Lg-X210Ds,4678036.0
623,Lg-X230Fv,1083108.3324055332
624,Lgms631,183541.0
625,Lidaxin Technolo. Glida Be09,1968785.25
626,Lidaxin Technolo. My81,824209.0
627,Logicom Sa Id Bot 54,10784786.467576498
628,Logicom Sa L-Egant One,120427.0
629,Logicom Sa L-Ement 400,10414267.135170965
630,Logicom Sa L-Ement 403,4483437.674171174
631,Logicom Sa L-Ement 505 T580,600755.1662027666
632,Logicom Sa L-Ement 551,11271158.0
633,Logicom Sa L-Ement 553,429751.75
634,Logicom Sa L-Ite 400M,5477037.483788249
635,Logicom Sa L-Ite 504Hd,125931.5
636,Logicom Sa L-Ite 552,331078.9441351777
637,Logicom Sa Le Hello,4595883.332962213
638,Logicom Sa Le Lift,5507922.483788249
639,Logicom Sa Le Must,10784786.467576498
640,Logicom Sa Le Smooth,279184.66620276653
641,Logicom Sa Le Up,2790347.5
642,Logicom Sa Logicom B Bot 50,10784786.467576498
643,Logicom Sa Logicom Id Bot 53+,4123553.5
644,Logicom Sa Logicom Id Bot 553+,10297701.0
645,Logicom Sa Logicom Le Moov,542074.1108018444
646,Logicom Sa Logicom Power Bot,10784786.467576498
647,Logicom Sa Logicom Vr Bot 552+,381159.33240553306
648,Logicom Sa M Bot 60,4637356.822525499
649,M S Soha Enterp. Qphone Q70,1522414.0
650,Maysun Info Tech. M4028,1716209.5
651,Maysun Info Tech. M5026,10784786.467576498
652,Maysun Info Tech. M5046,10784786.467576498
653,Maysun Info Tech. Maysunm Mid5702,10784786.467576498
654,Meizu Technology. M3 Note,380118.83240553306
655,Meizu Technology. M5,5397459.983788249
656,Meizu Technology. M5 Note,358594.75
657,Meizu Technology. M5C,10784786.467576498
658,Meizu Technology. M6 Note,1649001.5
659,Meizu Technology. Meizu U20,60767.5
660,Meizu Technology. Mx5 Pro,10784786.467576498
661,Meizu Technology. Mx6,63956.0
662,Meizu Technology. Pro 5,10784786.467576498
663,Meizu Technology. Pro 6 Plus,945059.0
664,Meizu Technology. Pro 6S,1049061.5
665,Meizu Technology. Pro 7,1091992.0
666,Microsoft Mobile. Microsoft Rm-1071 Microsoft Lumia 435,47769.0
667,Microsoft Mobile. Microsoft Rm-1075 Microsoft Lumia 640 Lte Dual Sim,5945119.535960511
668,Microsoft Mobile. Microsoft Rm-1089 Microsoft Lumia 535,244551.27746851102
669,Microsoft Mobile. Microsoft Rm-1090 Microsoft Lumia 535 Dual Sim,387476.83240553306
670,Microsoft Mobile. Microsoft Rm-1099 Microsoft Lumia 435 Dual Sim,4292745.920549492
671,Microsoft Mobile. Nokia Lumia 530 Dual Sim Rm-1019,3422997.8732351623
672,Microsoft Mobile. Nokia Lumia 530 Rm-1017,3612590.989192166
673,Microsoft Mobile. Nokia Lumia 630 Dual Sim Rm-978,390049.33240553306
674,Microsoft Mobile. Nokia Lumia 630 Rm-976,7202154.811717666
675,Microsoft Mobile. Nokia Lumia 635 Rm-974,7683619.004733813
676,Microsoft Mobile. Nokia Rm-1034 Microsoft Lumia 532,7039708.614064792
677,Microsoft Mobile. Nokia Rm-974 Nokia Lumia 635,10722551.74550891
678,Microsoft Mobile. Rm-1011 Nokia 225 Dual Sim,5441091.233788249
679,Microsoft Mobile. Rm-1062 Lumia 640 Xl Lte,379851.83240553306
680,Microsoft Mobile. Rm-1065 Lumia 640 Xl Lte Dual Sim,4688770.253511706
681,Microsoft Mobile. Rm-1072 Lumia 640 Lte,5039551.4599532895
682,Microsoft Mobile. Rm-1072 Microsoft Lumia 640 Lte,6457042.114064792
683,Microsoft Mobile. Rm-1085 Microsoft Lumia 950 Xl,5637343.649991016
684,Microsoft Mobile. Rm-1089 Microsoft Lumia 535,5403849.733788249
685,Microsoft Mobile. Rm-1090 Microsoft Lumia 535 Dual Sim,4343261.353790047
686,Microsoft Mobile. Rm-1104 Microsoft Lumia 950,5431736.150454916
687,Microsoft Mobile. Rm-1116 Microsoft Lumia 950 Xl,7221106.311717666
688,Microsoft Mobile. Rm-1118 Microsoft Lumia 950,52297.0
689,Microsoft Mobile. Rm-1127 Microsoft Lumia 550,4425916.760215485
690,Microsoft Mobile. Rm-1152 Microsoft Lumia 650,5494336.2335562995
691,Microsoft Mobile. Rm-1154 Microsoft Lumia 650 Dual Sim,2698072.2418941245
692,Mikrotikls Sia R11E-Lte,5392685.233788249
693,Mobiwire Sas Mobiwire Auriga,10784786.467576498
694,Modelabs Clap Plus 2,428246.5163419366
695,Modelabs Horizon M,552367.3324055331
696,Mptech Hammer Energy 18X9,10784786.467576498
697,Mundo Reader S.L. Aquaris U2 16+2,380100.83240553306
698,Neel Enterprise Kolor Crosscall Odyssey,158084.33310138326
699,Neel Enterprise Kolor Crosscall Trekker-X1,5633.5
700,Neel Enterprise Kolor Crosscalltrekker-X2,2997530.444135178
701,Netgear Inc Aircard 810S,15127797.720549494
702,Netgear Inc Netgear Ac785S-100,10863723.866894124
703,Netgear Inc Nighthawk Ac1900 Cat 6 Lte Gateway,3326877.033096891
704,New-Bund Technol. Mix 2,5608244.5
705,New-Bund Technol. Thor,1346279.2081013834
706,Nokia 1661-2 1661,381398.5
707,Nokia 520 Lumia 520 Nokia 520,6048387.651771615
708,Nokia 610 Nokia 610,5398179.733788249
709,Nokia 620 Lumia 620 Nokia 620,216958.66620276653
710,Nokia 625 Lumia 625,275312.16620276653
711,Nokia 800 Nokia 800,644767.3324055331
712,Nokia 820.1 Lumia 820,380494.33240553306
713,Nokia 920.1 Lumia 920,10595204.301373731
714,Nokia 920.1 Lumia 920 Rm-821,7194240.311717666
715,Nokia 925.1 925.4 Lumia 925 Nokia 925,441774.0
716,Nokia Lumia 1020,11290.0
717,Nokia Lumia 520 Nokia 520,10595204.301373731
718,Nokia Lumia 630 Dual Sim Rm-978,10784786.467576498
719,Nokia Lumia 635 Rm-974,4722447.914476828
720,Nokia Lumia 635 Rm-975,10405310.635170965
721,Nokia Lumia 925 Lumia 925,380494.33240553306
722,Nokia N8-00,10784786.467576498
723,Nokia Rm-1017 530 Lumia 530,3221020.942852009
724,Nokia Rm-1019 Lumia 530 Dual Sim,35513.0
725,Nokia Rm-1038 Nokia Lumia 735,8834610.064380772
726,Nokia Rm-1045 Lumia 930 Nokia 930,10784786.467576498
727,Nokia Rm-1089 Lumia 535 Microsoft Lumia 535,3834606.8225254994
728,Nokia Rm-1090 Lumia 535 Dual Sim Microsoft Lumia 535 Dual Sim,57080.75
729,Nokia Rm-1091 Lumia 535 Microsoft Lumia 535,6840616.733788249
730,Nokia Rm-914 520 Lumia 520 Nokia 520,22870.0
731,Nokia Rm-941 625 Lumia 625,388470.83240553306
732,Nokia Rm-941 Nokia 625 Lumia 625,3889236.449995508
733,Nokia Rm-976 Lumia 630,11305.0
734,Nokia Rm-980 Nokia X,10784786.467576498
735,Nokia Rm-984 Lumia 830 Nokia 830,7891539.643639565
736,Nokia Rm-998 525 Lumia 525 Nokia 525,384484.33240553306
737,Nokia Test Imei,10784786.467576498
738,Nokia X,381824.33240553306
739,Nubia Technology. M2 Play,405311.83240553306
740,Nubia Technology. Nx569H,301983.0
741,Nubia Technology. Z17 Mini,5513292.5
742,Nubia Technology. Z17S,5400457.233788249
743,Oneplus Technolo. One A0001,15235.0
744,Oneplus Technolo. One A1001 Oneplus A0001 One A0001,832680.125
745,Oneplus Technolo. One A2003,1443964.1666666667
746,Oneplus Technolo. One E1003,61005.0
747,Oneplus Technolo. Oneplus 3,1900206.5101836587
748,Oneplus Technolo. Oneplus 3T,1533671.3451998755
749,Oneplus Technolo. Oneplus 5,1819721.5316342644
750,Oneplus Technolo. Oneplus 5T,1921602.9567514784
751,Oneplus Technolo. Oneplus 6,5037548.37450279
752,Oneplus Technolo. Oneplus 6T,5589160.265864454
753,Oneplus Technolo. Oneplus A3000,905458.5
754,Oneplus Technolo. Oneplus A3003,2256409.9935152996
755,Oneplus Technolo. Oneplus5T,1312231.7123441093
756,Oppo 1201,612040.5
757,Oppo A1601,4808992.293515299
758,Oppo A33F,19482.0
759,Oppo A37F,1188.5
760,Oppo A37Fw,63888.0
761,Oppo Cph1609,499577.125
762,Oppo Cph1701,512429.5
763,Oppo Cph1723,25843.0
764,Oppo Cph1725,471656.0
765,Oppo Cph1729,480789.5
766,Oppo Cph1821,82853.0
767,Oppo Cph1837,5910365.0
768,Oppo Cph1877,5276990.567585482
769,Oppo Cph1893,3895873.959996406
770,Oppo Cph1903,5393737.483788249
771,Oppo F1F,381159.33240553306
772,Oppo Pacm00,124350.0
773,Oppo Pbam00,10784786.467576498
774,Oppo R11S,10784786.467576498
775,Option Nv Option Gtm661W Globesurfer Iii+,10784786.467576498
776,Orbita Telecom L. Konrow,1695369.0
777,Ovvi-Cellphone T. Echo,8856032.0
778,Pacific Co (Bd). Nexus Nx14 Nx15 Nx65 Nx66 Nx8,5096791.277468511
779,Power Idea Techn. Rg160,389526.83240553306
780,Power Idea Techn. Rg310,5583486.149991015
781,Power Idea Techn. Rg730 Md501 D1,10784786.467576498
782,Power Idea Techn. Ruggear Rg230 Ruggear Rg500 I.Safe Innovation2.0,10784786.467576498
783,Pt. Arga Mas Les. Advan S35D,33841.5
784,Qingdao Hisense. Cmb510,10784786.467576498
785,Qingdao Hisense. Hisense C20,1205799.4990722
786,Qingdao Hisense. Hisense F17,3506193.5
787,Qingdao Hisense. Hisense F17 Pro,321684.91620276653
788,Qingdao Hisense. Hisense F20,1663030.75
789,Qingdao Hisense. Hisense F23,1566777.6666666667
790,Qingdao Hisense. Hisense F24,10784786.467576498
791,Qingdao Hisense. Hisense F31,6766258.400686866
792,Qingdao Hisense. Hisense L675,5585556.399991016
793,Qingdao Hisense. Hisense L830,10784786.467576498
794,Qingdao Hisense. Hs-U606 Starshine 4 Hs-U961 U602 Hs-U601,665366.0
795,Qingdao Hisense. Hs-U609 Hisense I500U Hisense E260U Hs-U607 Hs-U980 Pure 1 Eco,133135.61080184436
796,Qingdao Hisense. S41,10784786.467576498
797,Qingdao Hisense. Staraddict 6,10784786.467576498
798,Qingdao Hisense. Starxtrem 6,474412.0
799,Quanta 1Kg,385439.5
800,Quartel Infotech. Maximus M84,15646914.233788248
801,Quectel Wireless. Quectel Ec21-E,10784786.467576498
802,Quectel Wireless. Quectel Ec25-E,10784786.467576498
803,Quectel Wireless. Quectel M10,10405616.135170965
804,Rainbow Communic. C45,4609729.433327344
805,Razer Inc Razer Phone,1098766.5
806,Razer Inc Razer Phone 2,169240.5
807,Rim 8520,10784786.467576498
808,Rim 9000 (At&T),380494.33240553306
809,Rim 9780 Rcm72Uw Rcm73Uw (Fdd I Ii V Vi) (Generic),10784786.467576498
810,Rim Blackberry (Q5),283481.66620276653
811,Rim Blackberry 8520,10784786.467576498
812,Rim Blackberry 9300,10784786.467576498
813,Rim Blackberry 9320,10784786.467576498
814,Rim Blackberry 9360,10784786.467576498
815,Rim Blackberry 9720,10784786.467576498
816,Rim Blackberry 9790,10784786.467576498
817,Rim Blackberry 9800,10784786.467576498
818,Rim Blackberry 9860,10784786.467576498
819,Rim Blackberry 9900,10784786.467576498
820,Rim Blackberry Passport Sqw100-1 Rgy181Lw,5503931.1918896325
821,Rim Blackberry Rhd131Lw (Str100-1),5401602.358788249
822,Rim Blackberry Rhm181Lw (Stv100-4),10784786.467576498
823,Rim Blackberry Sqc100-1 Rhh151Lw,5532960.094590093
824,Rim Blackberry Sqc100-4 Rhg161Lw,10784786.467576498
825,Rim Blackberry Sqn100-3 Q10 Rfn81Uw,2906781.8276974666
826,Rim Blackberry Sta100-2 Z30 Rfw121Lw,382654.83240553306
827,Rim Blackberry Stl100-1 Z10 Rfg81Uw,686386.5
828,Rim Blackberry Stl100-2 Z10 Rfh121Lw,14708915.64258099
829,Rim Pearl 8100,10784786.467576498
830,Samsung 2018 Galaxy J4,2612724.846835639
831,Samsung Galaxy A3 (Sm-A300X),3321837.408374364
832,Samsung Galaxy A3 (Sm-A310X),4190657.7429611604
833,Samsung Galaxy A3 (Sm-A320),8277115.595781932
834,Samsung Galaxy A5 (Sm-A500X),2600302.8121601176
835,Samsung Galaxy A5 (Sm-A510X),2534737.8206554744
836,Samsung Galaxy A5 Sm-A520F,8027866.832604941
837,Samsung Galaxy A5 Sm-A520F Ds,2067530.2635170966
838,Samsung Galaxy A6,8071535.745350218
839,Samsung Galaxy A6 (Sm-A605F),129040.5
840,Samsung Galaxy A6 (Sm-A605Fn),7993763.248794129
841,Samsung Galaxy A6 Duos (Sm-A605G Ds),700865.5
842,Samsung Galaxy A6 Sm-A600Fn Ds,8175235.260962023
843,Samsung Galaxy A7 (Sm-A700X),2419267.827034193
844,Samsung Galaxy A7 (Sm-A710X),687337.0
845,Samsung Galaxy A7 (Sm-A730F),198832.16620276653
846,Samsung Galaxy A7 2018,8157337.951858995
847,Samsung Galaxy A7 Sm-A720F Ds,11733705.25
848,Samsung Galaxy A8 (2018),8603274.699586084
849,Samsung Galaxy A9 2018,4619179.8870306
850,Samsung Galaxy Ace (Gt-S5830),6962698.1100424295
851,Samsung Galaxy Ace (Gt-S5839I),6243217.790810534
852,Samsung Galaxy Ace 2 (Gt-I8160),6589444.647027005
853,Samsung Galaxy Ace 3 (Gt-S7275),6479076.7805459
854,Samsung Galaxy Alpha (Sm-G850X),4691910.7778336415
855,Samsung Galaxy C5 (Sm-C500X),808811.0
856,Samsung Galaxy Core 2 (Sm-G355X),23279503.5
857,Samsung Galaxy Core Prime (Sm-G360X),5475371.361030051
858,Samsung Galaxy Core Prime (Sm-G361F),4662898.102360486
859,Samsung Galaxy Express Gt-I8730,39604.0
860,Samsung Galaxy Grand (Gt-I9060X),3684145.913948755
861,Samsung Galaxy Grand 2 (Sm-G7105),6572752.547027005
862,Samsung Galaxy Grand Prime (Sm-G530F),7924872.296557786
863,Samsung Galaxy Grand Prime (Sm-G530X),3608285.471009946
864,Samsung Galaxy Grand Prime Ve (Sm-G531X),3647039.113914795
865,Samsung Galaxy J1 (Sm-J100X),2749490.4499972356
866,Samsung Galaxy J1 (Sm-J120X),4450460.271932081
867,Samsung Galaxy J1 Ace (Sm-J111X),1010274.1666666666
868,Samsung Galaxy J1 Mini (Sm-J105X),17146901.324995507
869,Samsung Galaxy J1 Mini Prime (Sm-J106B),162363.0
870,Samsung Galaxy J1 Pop (Sm-J110X),5582640.399991016
871,Samsung Galaxy J2,3692633.847067589
872,Samsung Galaxy J2 (Sm-J200X),407645.75
873,Samsung Galaxy J2 2018 Duos (Sm-J250F Ds),2535433.5
874,Samsung Galaxy J2 Core Sm-J260F Ds,388521.5
875,Samsung Galaxy J2 Prime (Sm-G532),2795507.3976528733
876,Samsung Galaxy J3 (Sm-J320X),4942473.155788225
877,Samsung Galaxy J3 (Sm-J327),12684904.0
878,Samsung Galaxy J3 (Sm-J330),8496514.941878393
879,Samsung Galaxy J3 (Sm-J330G Ds),5446918.852510928
880,Samsung Galaxy J4,3394186.0
881,Samsung Galaxy J4 Core,5399860.233788249
882,Samsung Galaxy J4+,9864173.548787352
883,Samsung Galaxy J5,24167961.15809689
884,Samsung Galaxy J5 (Sm-J500X),5119156.757520194
885,Samsung Galaxy J5 (Sm-J510X),3314237.9391335673
886,Samsung Galaxy J5 (Sm-J530),9256537.233548282
887,Samsung Galaxy J5 Prime Dual-Sim (Sm-G570F Ds),626646.5
888,Samsung Galaxy J6,8022143.76717843
889,Samsung Galaxy J6+,8213426.306383369
890,Samsung Galaxy J7,7424704.992722962
891,Samsung Galaxy J7 (Sm-J700X),671380.375
892,Samsung Galaxy J7 (Sm-J701F Ds),2392906.574428961
893,Samsung Galaxy J7 (Sm-J701F),380427.83240553306
894,Samsung Galaxy J7 (Sm-J710X),2224591.174854609
895,Samsung Galaxy J7 (Sm-J730),8043145.104485849
896,Samsung Galaxy J7 Prime (On7) Duos (Sm-G6100),1277713.8324055332
897,Samsung Galaxy J7 Prime Duos (Sm-G610F Dd),17141.5
898,Samsung Galaxy J7 Prime Duos (Sm-G610F Ds),3086874.2738658995
899,Samsung Galaxy J8 2018,57879166.0
900,Samsung Galaxy K Zoom Sm-C111,732518.5
901,Samsung Galaxy Mega (Gt-I9205),573304.5
902,Samsung Galaxy Mega Duos (Gt-I9152),1355833.5
903,Samsung Galaxy Mini (Gt-S5570),4707129.019992812
904,Samsung Galaxy Mobile (E.G. A3Lschi535),12533.0
905,Samsung Galaxy Note (Gt-N7000),1915452.1333303386
906,Samsung Galaxy Note 2,2542733.8333333335
907,Samsung Galaxy Note 2 (Gt-N7100),2430930.2061416847
908,Samsung Galaxy Note 2 (Gt-N7105),1893669.9112627497
909,Samsung Galaxy Note 3 (Sm-N9002),135086.0
910,Samsung Galaxy Note 3 (Sm-N9005),2856796.5884573916
911,Samsung Galaxy Note 3 (Sm-N900X),368194.5
912,Samsung Galaxy Note 4 (Sm-N910X),1883197.2860870298
913,Samsung Galaxy Note 5 (Sm-N920X),297664.41620276653
914,Samsung Galaxy Note 8,7503823.881399115
915,Samsung Galaxy Note 8 (Sm-N9500),209.0
916,Samsung Galaxy Note 8 (Sm-N950F Ds),8122019.636015863
917,Samsung Galaxy Note 8 (Sm-N950F),7302117.858829193
918,Samsung Galaxy Note 8 (Sm-N950U),10784786.467576498
919,Samsung Galaxy Note 9,434439.5
920,Samsung Galaxy Note Edge (Sm-N915X),34369.25
921,Samsung Galaxy Note5 (A3Lsmn920P),138179.5
922,Samsung Galaxy Note9,7996466.90800898
923,Samsung Galaxy On 7,5402016.5
924,Samsung Galaxy On5 (Sm-G550X),1011275.0
925,Samsung Galaxy Pocket Gt-S5301,1995.0
926,Samsung Galaxy S (Gt-I9000),9716478.409129435
927,Samsung Galaxy S10,7360536.679664184
928,Samsung Galaxy S2 (Gt-I9100),5800896.776711236
929,Samsung Galaxy S3 (Gt-I9300),2913876.789009601
930,Samsung Galaxy S3 (Gt-I9305),3849842.627926422
931,Samsung Galaxy S3 Mini (Gt-I8190),2629615.575818844
932,Samsung Galaxy S3 Mini Ve(Gt-I8200X),579583.4441351778
933,Samsung Galaxy S3 Neo(Gt-I9301X),2969590.783792741
934,Samsung Galaxy S4 (Gt-I9500),259185.0
935,Samsung Galaxy S4 (Gt-I9505),4577550.397782448
936,Samsung Galaxy S4 (Gt-I9515),172573.75
937,Samsung Galaxy S4 (Sgh-I337M),4655.0
938,Samsung Galaxy S4 Active Gt-I9295,32786.0
939,Samsung Galaxy S4 Advance (Gt-I9506),533683.6662027666
940,Samsung Galaxy S4 Mini (Gt-I9195),4268163.660053108
941,Samsung Galaxy S5 (Sm-G900F),4041997.1642846973
942,Samsung Galaxy S5 (Sm-G900W8),152534.0
943,Samsung Galaxy S5 (Sm-G900X),974055.2
944,Samsung Galaxy S5 Lte-A (Sm-G901X),2295964.101590646
945,Samsung Galaxy S5 Mini (Sm-G800X),5612630.755932605
946,Samsung Galaxy S5 Neo (Sm-G903),1919405.2503263396
947,Samsung Galaxy S6 (A3Lsmg920P),935965.75
948,Samsung Galaxy S6 (Sm-G920X),7223717.747225123
949,Samsung Galaxy S6 Edge (Sm-G925X),6771883.011327134
950,Samsung Galaxy S6 Plus (Sm-G928),6813105.206548589
951,Samsung Galaxy S7 (Sm-G930X),7632636.144628465
952,Samsung Galaxy S7 Edge (Sm-G935X),7217063.017746397
953,Samsung Galaxy S8 (Sm-G950F),7594029.639398399
954,Samsung Galaxy S8 (Sm-G950Fd),6874964.42443975
955,Samsung Galaxy S8 (Sm-G950U),1057238.6666666667
956,Samsung Galaxy S8 Edge (Sm-G955U),1718365.5
957,Samsung Galaxy S8 Plus (Sm-G955F),7832782.641660778
958,Samsung Galaxy S8 Plus (Sm-G955Fd),7894613.775296207
959,Samsung Galaxy S9,7931865.071477323
960,Samsung Galaxy S9 Plus (Sm-G965F),7865781.822737212
961,Samsung Galaxy S9 Sm-G960F,3741068.1225254997
962,Samsung Galaxy S9 Sm-G960F Ds,7548548.40258014
963,Samsung Galaxy S9 Sm-G960N,476242.33240553306
964,Samsung Galaxy S9+,10784786.467576498
965,Samsung Galaxy Tab A (Sm-T285),530497.1243041498
966,Samsung Galaxy Tab A (Sm-T555),4048915.0999940108
967,Samsung Galaxy Tab A (Sm-T585),12556993.675341187
968,Samsung Galaxy Tab A2 Xl,419064.33240553306
969,Samsung Galaxy Tab Active Sm-T365,3947773.4499955075
970,Samsung Galaxy Tab E (Sm-T561),743093.0
971,Samsung Galaxy Tab S2 (Sm-T719),3848346.0441291886
972,Samsung Galaxy Tab S3 (Sm-T825),1519600.683447062
973,Samsung Galaxy Trend (Gt-S7560),3163987.2978826193
974,Samsung Galaxy Trend Lite (Gt-S7390),4483762.626788822
975,Samsung Galaxy Trend Lite 2 (Sm-G318X),4555146.527655125
976,Samsung Galaxy Trend Plus (Gt-S7580),23776.5
977,Samsung Galaxy Wave 2 (Gt-S8530),10784786.467576498
978,Samsung Galaxy Wave Y (Gt-S5380),10784786.467576498
979,Samsung Galaxy Xcover 2 Gt-S7710,5582640.399991016
980,Samsung Galaxy Xcover2 Gt-S7710,624845.0
981,Samsung Galaxy Xcover4 Sm-G390F,8389830.893623844
982,Samsung Galaxy Y,10784786.467576498
983,Samsung Galaxy Y (Gt-S5360),8293657.602547385
984,Samsung Galaxy Y (Gt-S5369),10784786.467576498
985,Samsung Galaxy Young (Gt-S5310),5399744.483788249
986,Samsung Google Nexus (Gt-I9250),10469150.635170965
987,Samsung Gt-B3210C,524198.91620276653
988,Samsung Gt-B5510,10784786.467576498
989,Samsung Gt-C3590,407759.33240553306
990,Samsung Gt-I5500,10784786.467576498
991,Samsung Gt-I5510,8088765.350682374
992,Samsung Gt-I5700,10784786.467576498
993,Samsung Gt-I5800,8184432.058783757
994,Samsung Gt-I8260,70600.0
995,Samsung Gt-I8700,395376.33240553306
996,Samsung Gt-I8730,2322947.8935152995
997,Samsung Gt-I9003,7210882.978384332
998,Samsung Gt-I9105,10407617.135170965
999,Samsung Gt-I9105P,443206.83240553306
1000,Samsung Gt-P5220,1200.0
1001,Samsung Gt-S5280,10784786.467576498
1002,Samsung Gt-S5660,8183879.683783757
1003,Samsung Gt-S5690,4588747.01004628
1004,Samsung Gt-S6310N,10784786.467576498
1005,Samsung Gt-S6790N,5582363.399991016
1006,Samsung Metro 350,387126.33240553306
1007,Samsung Sm-G110H,1774756.1853140902
1008,Samsung Sm-G350,4252113.248395603
1009,Samsung Sm-G357Fz,3836008.1510042613
1010,Samsung Sm-G386F,5651893.205855838
1011,Samsung Sm-G389F,6996731.107736125
1012,Samsung Sm-G390F,9069583.556853695
1013,Samsung Sm-J106H Ds,3233708.4485237543
1014,Samsung Sm-J250Y Ds,7803852.217265328
1015,Samsung Sm-N7505,4443453.233595853
1016,Samsung Sm-T235,10405007.635170965
1017,Samsung Sm-T819,6057409.733788249
1018,Samsung Xcover 3 (Sm-G388X),4389995.592570187
1019,Sdt Electronica Startrail 8,194686.41620276653
1020,Sentar Wireless. Sentar V80,5582637.399991016
1021,Sfr Altice S11,937971.5
1022,Sfr Altice S21,10436614.135170965
1023,Sfr Altice S61,6187133.983788249
1024,Sfr Star Trail 5 By Sfr,5588202.399991016
1025,Sfr Starshine 5,2281376.125
1026,Sfr Startrail 6,10555.5
1027,Sfr Starxtrem5,393592.83240553306
1028,Sfr Starxtrem7,5865898.5
1029,Shanghai Chengyu. Pp6000,476281.0
1030,Shenzhen Boway E. Boway Boway U11,4327556.426477512
1031,Shenzhen Chainwa. C70,10784786.467576498
1032,Shenzhen City Ra. Mos1,1806861.3324055332
1033,Shenzhen Diadem. Liquid Z6,393115.33240553306
1034,Shenzhen Fortune. M-Ppas6,544326.5
1035,Shenzhen Fortune. Nh001,3801426.0999940108
1036,Shenzhen Fortune. Ss5804G,382827.83240553306
1037,Shenzhen Fortune. X8610,10307.5
1038,Shenzhen Gaoxinq. Gaoxinqi Et110,10784786.467576498
1039,Shenzhen Guowei. V6304,10784786.467576498
1040,Shenzhen Huadoo. Huadoo Hg03,22499.0
1041,Shenzhen Huanuo. B2803,12129051.5
1042,Shenzhen Jeko Co. Blackview A20,1112349.8333333333
1043,Shenzhen Jeko Co. Blackview A20 Pro,10784786.467576498
1044,Shenzhen Jeko Co. Blackview A7,989741.0
1045,Shenzhen Jeko Co. Blackview Bv4000,10405622.135170965
1046,Shenzhen Jeko Co. Blackview Bv5000,195595.66620276653
1047,Shenzhen Jeko Co. Blackview Bv5800,381231.08240553306
1048,Shenzhen Jeko Co. Blackview Bv5800 Pro,381578.33240553306
1049,Shenzhen Jeko Co. Blackview Bv6000,315132.5
1050,Shenzhen Jeko Co. Blackview Bv7000,52873.875
1051,Shenzhen Jeko Co. Blackview Bv8000 Pro,3182702.9935152996
1052,Shenzhen Jeko Co. Blackview Bv9000 Pro,475915.75
1053,Shenzhen Jeko Co. Blackview P10000Pro,5584076.649991016
1054,Shenzhen Jeko Co. Blackview S8,4104404.3225254994
1055,Shenzhen Jsr Tec. Innos K502,532162.8324055331
1056,Shenzhen Kdi Com. D58,8703928.040542305
1057,Shenzhen Kelly T. Kliton Kailitong F168,163282.0
1058,Shenzhen Leagoo. Leagoo M9 Pro,68447.0
1059,Shenzhen Leagoo. Leagoo S8,7942098.5
1060,Shenzhen Malata Liger 81G Smb-E1002 Smb-E8001,10404974.635170965
1061,Shenzhen New Cha. Cb358,379965.33240553306
1062,Shenzhen Sprocom. Fly Iq4490,10784786.467576498
1063,Shenzhen Xin Kin. V1600,385493.33240553306
1064,Shenzhen Xin Kin. V18H,10640.0
1065,Shenzhen Yiqingt. Yqt1213,10784786.467576498
1066,Sierra Wireless Airprime Q2687,10784786.467576498
1067,Sierra Wireless Hilo3G 900,10784786.467576498
1068,Sierra Wireless Hl6528Rd-2.8V,10405373.135170965
1069,Sierra Wireless Mc7710,2910194.6168941245
1070,Sierra Wireless Mc8355,2894366.0
1071,Sierra Wireless Usb305,21662475.25
1072,Simcom Wireless. Sim800H,10784786.467576498
1073,Simcom Wireless. Sim900,10658181.356774652
1074,Simcom Wireless. Simcom Sim900,10784786.467576498
1075,Sintave Technolo. Sintave S1000,289697.0
1076,Sonaki Corporati. Crown Japan Cr-Mp3019,6610388.576842922
1077,Sonim Technologi. Sonim Xp7,10784786.467576498
1078,Sony Ericsson E15I,10784786.467576498
1079,Sony Ericsson Lt15I,10784786.467576498
1080,Sony Ericsson Lt15I (Aad-3880097-Bv),10594978.301373731
1081,Sony Ericsson Lt18I,5715256.817121583
1082,Sony Ericsson Mt27I - Xperia Sola,383819.33240553306
1083,Sony Ericsson Sk17I,10784786.467576498
1084,Sony Ericsson St17I,10784786.467576498
1085,Sony Ericsson St18I,10784786.467576498
1086,Sony Ericsson St25I - Xperia U,10784786.467576498
1087,Sony Ericsson St25I Xperia U,328003.91620276653
1088,Sony Ericsson U20I (Aad-3880072-Bv),10784786.467576498
1089,Sony Mobile Comm. Pm-0951-Bv,5645677.399991016
1090,Sony Mobile Comm. Pm-0953-Bv,5393695.733788249
1091,Sony Mobile Comm. Pm-1150-Bv,7524120.52837938
1092,Sony Mobile Comm. Pm-1151-Bv,3711488.3225254994
1093,Sony Mobile Comm. Pm-1162-Bv,3503016.8333333335
1094,Sony Mobile Comm. Pm-1164-Bv,8700922.33481156
1095,Sony Mobile Comm. Pm-1181-Bv,5134108.6578981215
1096,Sony Mobile Comm. Pm-1190-Bv,5471090.233788249
1097,Sony Mobile Comm. Pm-1201-Bv,10784786.467576498
1098,Sony Mobile Comm. Sony C1505 - Xperia E,31954.5
1099,Sony Mobile Comm. Sony C5303 -Xperia Sp,10784786.467576498
1100,Sony Mobile Comm. Sony C6802 Xl39H,209528.0
1101,Sony Mobile Comm. Sony D2105,4315720.587030599
1102,Sony Mobile Comm. Sony D2303 - Xperia M2,2356470.827034193
1103,Sony Mobile Comm. Sony Lt30P,383783.33240553306
1104,Sony Mobile Comm. Sony St21I Xperia Tipo,10784786.467576498
1105,Sony Mobile Comm. Sony St26I,332954.0
1106,Sony Mobile Comm. Sony Xperia M2,3705526.5816816697
1107,Sony Mobile Comm. Sony Xperia Z (C6603),576132.0
1108,Sony Mobile Comm. Sony Xperia Z1 (C6903),10784786.467576498
1109,Sony Mobile Comm. Sony Xperia Z1 Compact (D5503),20135.0
1110,Sony Mobile Comm. Sony Xperia Z2 (D6503),146029.0
1111,Sony Mobile Comm. Sony Xperia Z3,1454696.1666666667
1112,Sony Mobile Comm. Xperia C4 Dual,2597376.25
1113,Sony Mobile Comm. Xperia E3,6278443.1756853685
1114,Sony Mobile Comm. Xperia E4,472370.5
1115,Sony Mobile Comm. Xperia E4G,5622788.399991016
1116,Sony Mobile Comm. Xperia E4G Dual,5501073.0668896325
1117,Sony Mobile Comm. Xperia E5,2216440.073353213
1118,Sony Mobile Comm. Xperia L1,2418785.2639526627
1119,Sony Mobile Comm. Xperia L2,1250160.0
1120,Sony Mobile Comm. Xperia M2 Dual,380418.5
1121,Sony Mobile Comm. Xperia M4 Aqua,2092231.3970645943
1122,Sony Mobile Comm. Xperia M4 Aqua Dual,120116.83310138326
1123,Sony Mobile Comm. Xperia M5,5582443.649991016
1124,Sony Mobile Comm. Xperia M5 Dual,5550562.5
1125,Sony Mobile Comm. Xperia T3,6078839.256012468
1126,Sony Mobile Comm. Xperia X,1633336.0611987964
1127,Sony Mobile Comm. Xperia X Compact,220071.27746851102
1128,Sony Mobile Comm. Xperia X Performance Dual,10406952.135170965
1129,Sony Mobile Comm. Xperia Xa,4655545.225789704
1130,Sony Mobile Comm. Xperia Xa Ultra,2392506.6333303386
1131,Sony Mobile Comm. Xperia Xa1,3346488.221215902
1132,Sony Mobile Comm. Xperia Xa1 Plus,4703786.324995508
1133,Sony Mobile Comm. Xperia Xa1 Ultra,4300804.866615254
1134,Sony Mobile Comm. Xperia Xa2,5445907.789644013
1135,Sony Mobile Comm. Xperia Xa2 Ultra,6965593.856809256
1136,Sony Mobile Comm. Xperia Xz,2050457.10037451
1137,Sony Mobile Comm. Xperia Xz Premium,5923826.877402424
1138,Sony Mobile Comm. Xperia Xz1,5611343.585821631
1139,Sony Mobile Comm. Xperia Xz1 Compact,2091317.3167966425
1140,Sony Mobile Comm. Xperia Xz2,7714638.628433859
1141,Sony Mobile Comm. Xperia Xz2 Compact,3634366.923513503
1142,Sony Mobile Comm. Xperia Z2,168215.75
1143,Sony Mobile Comm. Xperia Z3,2137791.8333333335
1144,Sony Mobile Comm. Xperia Z3 Compact,4084000.185010642
1145,Sony Mobile Comm. Xperia Z3+ Dual,583393.5
1146,Sony Mobile Comm. Xperia Z5,631462.0382474307
1147,Sony Mobile Comm. Xperia Z5 Compact,2813837.8965851082
1148,Sony Mobile Comm. Xperia Z5 Dual,68113.66666666667
1149,Sony Mobile Comm. Xperia Z5 Premium,6559542.766660678
1150,Source (Hk) Ltd J-Max Zara-Zara,166257.0
1151,Spa Condor Elect. A9 Plus,2252410.5
1152,Spa Condor Elect. Allure M1,346729.66648110666
1153,Spa Condor Elect. Allure M1 Plus,15885084.0
1154,Spa Condor Elect. Allure M2,22254.0
1155,Spa Condor Elect. Allure M3,4069824.8225254994
1156,Spa Condor Elect. C6+,2167754.5
1157,Spa Condor Elect. F6,10784786.467576498
1158,Spa Condor Elect. P4,325308.5
1159,Spa Condor Elect. P8 Lite,6865744.166202767
1160,Spa Condor Elect. Plume H1,423278.33240553306
1161,Spa Condor Elect. Plume L1 Plus,4478331.0
1162,Spa Condor Elect. Plume L2,3752992.0
1163,Spa Condor Elect. Plume P6 Pro Lte,1332810.0
1164,Tcl Communicatio. A3 Xl,10784786.467576498
1165,Tcl Communicatio. A7 Xl,403662.58240553306
1166,Tcl Communicatio. Alcatel 1,4254575.063843492
1167,Tcl Communicatio. Alcatel 1X,6785096.93107979
1168,Tcl Communicatio. Alcatel 3C,11922690.5
1169,Tcl Communicatio. Alcatel 3L 5034D,6413473.149991016
1170,Tcl Communicatio. Alcatel 3V,382256.83240553306
1171,Tcl Communicatio. Alcatel A3,10784786.467576498
1172,Tcl Communicatio. Alcatel A5 Led Alcatel A5,4419788.0
1173,Tcl Communicatio. Alcatel Idol4 6055K,384500.33240553306
1174,Tcl Communicatio. Alcatel M812F,133806.0
1175,Tcl Communicatio. Alcatel Onetouch 5070D,21348.0
1176,Tcl Communicatio. Alcatel Onetouch Idol3 (5.5),4336542.544129188
1177,Tcl Communicatio. Alcatel Onetouch Pixi 3 (3.5) 4009D,5738362.388270356
1178,Tcl Communicatio. Alcatel Onetouch Pixi 3 (3.5) 4009X,7678.0
1179,Tcl Communicatio. Alcatel Onetouch Pixi 3 (4),382387.33240553306
1180,Tcl Communicatio. Alcatel Onetouch Pixi 3 (4.5),5302824.400918815
1181,Tcl Communicatio. Alcatel Onetouch Pop 3 (5),8847304.762554642
1182,Tcl Communicatio. Alcatel Onetouch Pop 3 (5.5),10784786.467576498
1183,Tcl Communicatio. Alcatel Pixi 4 (4) 4034D,4596524.22671609
1184,Tcl Communicatio. Alcatel Pixi 4 (4) 4034X,279925.16620276653
1185,Tcl Communicatio. Alcatel Pixi 4 (5) 5010D,1560496.1108018442
1186,Tcl Communicatio. Alcatel Pixi 4 (5) 5010E,1097030.5
1187,Tcl Communicatio. Alcatel Pixi 4 5045D,3320502.847481371
1188,Tcl Communicatio. Alcatel Pop4 6 4G 7070X,340092.5
1189,Tcl Communicatio. Alcatel U5,6967877.077833641
1190,Tcl Communicatio. B-Athena,192623.16620276653
1191,Tcl Communicatio. B-Luna,199127.16620276653
1192,Tcl Communicatio. Blackberry Bba100-2,10784786.467576498
1193,Tcl Communicatio. Blackberry Bbb100-2,269737.4441351777
1194,Tcl Communicatio. Linkzone,7246803.022821326
1195,Tcl Communicatio. Nura 2,379866.83240553306
1196,Tcl Communicatio. Pixi 4 6 3G Android,15430976.5
1197,Tcl Communicatio. Pixi 4 6 4G Android,5608113.774991016
1198,Tcl Communicatio. Pop 4+,141403.0
1199,Tcl Communicatio. U3 3G,3340506.358236061
1200,Tcl Communicatio. U5,249561.5
1201,Tct Mobile Suzho. 7048A,126094.5
1202,Tct Mobile Suzho. Alcatel One Touch 6010X,379940.33240553306
1203,Tct Mobile Suzho. Alcatel One Touch 6030X,2792326.9499955075
1204,Tct Mobile Suzho. Alcatel One Touch 997,381806.33240553306
1205,Tct Mobile Suzho. Alcatel One Touch Pop C1 Alcatel One Touch Pop C1 Alcatel One Touch Pixi2,384484.33240553306
1206,Tct Mobile Suzho. Alcatel One Touch Pop C5,380488.33240553306
1207,Tct Mobile Suzho. Alcatel One Touch Y580D,399615.33240553306
1208,Tct Mobile Suzho. Alcatel Onetouch Idol 3 (4.7),2005602.9112627497
1209,Tct Mobile Suzho. Alcatel Onetouch Pop C2,1703.0
1210,Tct Mobile Suzho. Alcatel Onetouch Pop D5,1563738.5
1211,Tct Mobile Suzho. Alcatel Onetouch Pop S3,10418751.135170965
1212,Tct Mobile Suzho. Alcatel Onetouch Pop S7,10784786.467576498
1213,Tct Mobile Suzho. Alcatel Onetouch Pop2 4.5,487147.33240553306
1214,Tct Mobile Suzho. One Touch Idol S,10784786.467576498
1215,Tecno Telecom (H. C9,10784786.467576498
1216,Tecno Telecom (H. It1506,5454.0
1217,Tecno Telecom (H. Phantom6 Plus,39162.0
1218,Teletalk Pvt Ltd Colors Cl220+,118121.5
1219,Teletalk Pvt Ltd Colors F016,10784786.467576498
1220,Telit Le910-Eu V2,10784786.467576498
1221,Telit Le910-Eug,10784786.467576498
1222,Telit Ul865-Eur,7812226.571813365
1223,Test IMEI,10784786.467576498
1224,Tianlong Interna. Uphone S922 Uphone S930,18479.0
1225,Tianyu K-Touch M7,10784786.467576498
1226,Tinno Mobile Tec. Lt X33,2836.5
1227,Tinno Mobile Tec. Tinno S9091B,2075203.0
1228,Tinno Mobile Tec. Tinno S909X S930X S9311 P5003 P6001,3592.5
1229,Tinno Mobile Tec. Tinno S9111,394402.0
1230,Tinno Mobile Tec. Tinno S9201,202490.16620276653
1231,Topwell Technolo. Topwell M318A,10784786.467576498
1232,Tp-Link Technolo. Archer Mr200,8456604.010985311
1233,Tp-Link Technolo. Archer Mr400,8035565.082342336
1234,Tp-Link Technolo. C5A,390284.33240553306
1235,Tp-Link Technolo. C7 Y7,13956.5
1236,Tp-Link Technolo. Tl-Mr6400,8216051.460219582
1237,Tp-Link Technolo. Tp-Link Archer Mr200 Tp-Link Tl-Mr6400,11760902.440317342
1238,Tp-Link Technolo. Tp-Link M7350,4228948.491894124
1239,Tp-Link Technolo. Tp-Link Tp701A,230416.5
1240,Tp-Link Technolo. X1 Lite,713165.6662027666
1241,Umi Network Tech. One,381843.83240553306
1242,Umi Network Tech. One Pro,428959.5
1243,Umi Network Tech. Umidigi Z1 Pro,279970.66620276653
1244,Umi Network Tech. Z2,1694378.0
1245,Vastking Technol. Vastking M750,6935.0
1246,Vivo Mobile Comm. Vivo V7+,3166763.0
1247,Vivo Mobile Comm. Vivo Vivo 1718,10784786.467576498
1248,Vivo Mobile Comm. Vivo Vivo X21A,10784786.467576498
1249,Vivo Mobile Comm. Vivo Vivo X7Plus,6609.5
1250,Vplus Communicat. Vplus V5001,8215553.811717666
1251,Wct Uno,10784786.467576498
1252,Wiko Global Sasu Fever,1821511.4470863093
1253,Wiko Global Sasu Harry2,2384670.3099964065
1254,Wiko Global Sasu Jerry3,2447697.0874974327
1255,Wiko Global Sasu Lenny 5,3055820.040303117
1256,Wiko Global Sasu Lenny2,2960135.975660305
1257,Wiko Global Sasu Rainbow Jam 4G,397908.2774685111
1258,Wiko Global Sasu Sunny3,4581124.609651218
1259,Wiko Global Sasu Tommy3,4075958.5676780534
1260,Wiko Global Sasu View Go,661155.1662027666
1261,Wiko Global Sasu View Lite,3694159.655858833
1262,Wiko Global Sasu View Max,3390877.8239369327
1263,Wiko Global Sasu View2,1062783.0371992684
1264,Wiko Global Sasu View2 Go,5394841.569305004
1265,Wiko Global Sasu View2 Pro,1001629.4162027666
1266,Wiko Global Sasu Wiko Barry Iggy Ozzy,5207801.567585482
1267,Wiko Global Sasu Wiko Darkmoon Slide,200937.91620276653
1268,Wiko Global Sasu Wiko Freddy,4383824.384996407
1269,Wiko Global Sasu Wiko Goa,244108.39944331982
1270,Wiko Global Sasu Wiko Harry,4415970.59999401
1271,Wiko Global Sasu Wiko Highway 4G,381159.33240553306
1272,Wiko Global Sasu Wiko Highway Pure,57643.0
1273,Wiko Global Sasu Wiko Highway Signs,2922301.5
1274,Wiko Global Sasu Wiko Iggy,6987.0
1275,Wiko Global Sasu Wiko Jerry,2368226.2145231
1276,Wiko Global Sasu Wiko Jerry Max,7797037.75
1277,Wiko Global Sasu Wiko Jerry2,4939338.009340678
1278,Wiko Global Sasu Wiko Jimmy,2757524.533792741
1279,Wiko Global Sasu Wiko Kite,10784786.467576498
1280,Wiko Global Sasu Wiko Lenny,386476.08240553306
1281,Wiko Global Sasu Wiko Lenny2,6535733.9522905005
1282,Wiko Global Sasu Wiko Lenny3,3040441.7302676584
1283,Wiko Global Sasu Wiko Lenny4,3930919.917282297
1284,Wiko Global Sasu Wiko Lenny4 Plus,202768.58310138326
1285,Wiko Global Sasu Wiko Pulp 4G,3507486.061108864
1286,Wiko Global Sasu Wiko Pulp Fab 4G,5006861.363881232
1287,Wiko Global Sasu Wiko Rainbow 4G,6866000.147583686
1288,Wiko Global Sasu Wiko Rainbow Getaway,111805.5
1289,Wiko Global Sasu Wiko Rainbow Jam,29557.5
1290,Wiko Global Sasu Wiko Rainbow Lite 4G,5272175.825358891
1291,Wiko Global Sasu Wiko Rainbow Up 4G,7331359.089186177
1292,Wiko Global Sasu Wiko Ridge 4G,410768.83240553306
1293,Wiko Global Sasu Wiko Robby,2722390.527034193
1294,Wiko Global Sasu Wiko Sunny,2032283.1773397133
1295,Wiko Global Sasu Wiko Sunny2,1542731.1768513834
1296,Wiko Global Sasu Wiko Sunny2 Plus,4529193.419997305
1297,Wiko Global Sasu Wiko Sunset,4424306.366894124
1298,Wiko Global Sasu Wiko Sunset2,2186709.917147707
1299,Wiko Global Sasu Wiko Tommy,3734476.5556732723
1300,Wiko Global Sasu Wiko Tommy2,4583894.100259096
1301,Wiko Global Sasu Wiko Tommy2 Plus,732513.4664811066
1302,Wiko Global Sasu Wiko U Feel,1583408.5476528732
1303,Wiko Global Sasu Wiko U Feel Lite,18860909.013238758
1304,Wiko Global Sasu Wiko U Feel Prime,4360259.904391878
1305,Wiko Global Sasu Wiko U Pulse,49631.5
1306,Wiko Global Sasu Wiko Upulse Lite,10908015.725781001
1307,Wiko Global Sasu Wiko View,8564083.86434728
1308,Wiko Global Sasu Wiko View Prime,4315527.8870306
1309,Wiko Global Sasu Wiko View Xl,5036538.989192166
1310,Wiko Global Sasu Wiko Wax,10784786.467576498
1311,Wiko Global Sasu Wiko Wim Lite,1496786.1627547885
1312,Wiko Jerry3,4681502.21333871
1313,Wileyfox Europe. Wileyfox Spark,10784786.467576498
1314,Wileyfox Europe. Wileyfox Swift 2,3433005.4162027664
1315,Wistron M18Qw,10784786.467576498
1316,Wistron Wnc D18Qx,5613032.983788249
1317,Xiaomi Communica. A1,5216737.817585482
1318,Xiaomi Communica. A12A,382405.33240553306
1319,Xiaomi Communica. A7,2902296.9599964065
1320,Xiaomi Communica. B3,10784786.467576498
1321,Xiaomi Communica. B5,10022099.0
1322,Xiaomi Communica. B6L,30655.0
1323,Xiaomi Communica. C3,51526.5
1324,Xiaomi Communica. H3A,381712.83240553306
1325,Xiaomi Communica. H3C,1358284.5
1326,Xiaomi Communica. M1803E1A,54853.5
1327,Xiaomi Communica. M1804C3Dg,3319568.7418941245
1328,Xiaomi Communica. M1805D1Sg,6217472.743244504
1329,Xiaomi Communica. M1805E10A,10404999.135170965
1330,Xiaomi Communica. M1806E7Tg,4004790.5445930883
1331,Xiaomi Communica. M1807E8A,4472.0
1332,Xiaomi Communica. M1808D2Tg,118714.4
1333,Xiaomi Communica. M1901F7G,3051351.0
1334,Xiaomi Communica. M1902F1G,179688.83333333334
1335,Xiaomi Communica. Mi 5X,10784786.467576498
1336,Xiaomi Communica. Mi 6,37693542.0
1337,Xiaomi Communica. Mi 8,719427.122160369
1338,Xiaomi Communica. Mi A1,3584263.6667549545
1339,Xiaomi Communica. Mi A2,5024044.173314718
1340,Xiaomi Communica. Mi A2 Lite,2996376.709228995
1341,Xiaomi Communica. Mi Max2,1350396.75
1342,Xiaomi Communica. Mi Max3,10695.5
1343,Xiaomi Communica. Mi Mix2,108180.33310138326
1344,Xiaomi Communica. Mi Mix2S,4314694.801808141
1345,Xiaomi Communica. Pocophone F1,1215072.0569162646
1346,Xiaomi Communica. Redmi 2,16362.5
1347,Xiaomi Communica. Redmi 3S,255627.875
1348,Xiaomi Communica. Redmi 4A,6398055.25
1349,Xiaomi Communica. Redmi 4X,14245675.792532556
1350,Xiaomi Communica. Redmi 5,2469498.5549370223
1351,Xiaomi Communica. Redmi 5 Plus,6714460.466794075
1352,Xiaomi Communica. Redmi 5A,12964438.28110258
1353,Xiaomi Communica. Redmi 5Plus,421755.25
1354,Xiaomi Communica. Redmi 6,491025.30925872375
1355,Xiaomi Communica. Redmi Note 2,1096244.0
1356,Xiaomi Communica. Redmi Note3,28182.5
1357,Xiaomi Communica. Redmi Note4,2244905.3785701455
1358,Xiaomi Communica. Redmi Note4X,578101.375
1359,Xiaomi Communica. Redmi Note5,2128496.4314460885
1360,Xiaomi Communica. Redmi Note5A,3724142.433327344
1361,Xiaomi Communica. Redmi Note5A Prime,214657.5
1362,Xiaomi Communica. Redmi Note6 Pro,904265.8599785082
1363,Xiaomi Communica. Redmi S2,1748783.3880263998
1364,Xiaomi Communica. Xiaomi Note,5337020.25
1365,Yi Sheng Technol. Gretel A7,22072.0
1366,Yop Technology C. Maze Alpha,17359.5
1367,Yota Devices Yota Y3,380494.33240553306
1368,Yota Devices Yotaphone2,273501.0
1369,Zebra Technologi. Mc5574,380018.33240553306
1370,Zebra Technologi. Mc659B,5582334.899991016
1371,Zebra Technologi. Mc67Na,10404991.635170965
1372,Zebra Technologi. Symbol Tc55Bh,1813872.1142831475
1373,Zte A2016,5400249.317585482
1374,Zte Axon 6S Zte Axon 7 Axon 7,382220.83240553306
1375,Zte Axon M Zte Axon M Axon M Axon M,10784786.467576498
1376,Zte Blade A2 Plus Zte Blade A610 Plus,381073.83240553306
1377,Zte Blade A452 Blade A452,313391.5
1378,Zte Blade A506 Blade A506,10784786.467576498
1379,Zte Blade A506 Blade A506 Dive 71 Orange Dive 71 D52 Lite,3515.0
1380,Zte Blade L110 Zte Blade L110 Blade L110 Blade L110,4573486.0
1381,Zte Blade V7 Lite Blade V6 Plus Zte Blitz,167056.70810138326
1382,Zte Blade V8 Blade V8,10784786.467576498
1383,Zte Blade V8 Lite Blade V8 Lite Zte Blade V8 Se,661224.5
1384,Zte Mf190,92808.5
1385,Zte Mf259,7980866.218369023
1386,Zte Mf626,2426460.5
1387,Zte Racer Iii Mini Zte Switch X1 Bouygues Telecom Bs 402 Blade Q Mini Zte Blade G Pro,4394598.253511706
1388,Zte Starxtrem By Sfr,10430759.635170965
1389,Zte Zte Blade C2 Smartphone Android By Sfr Startrail 4 Zte Blade Flex T809 Zte T809,5582972.899991016
1390,Zyxel Communicat. Lte7460,20638273.0
1391,Zyxel Communicat. Sbg3600,26743469.0
1392,Zyxel Communicat. Zyxel Wah7706,379887.33240553306
1393,undefined,8401148.72809294
